frame,shot_distance_ft,defender_distance_ft,make,xFG
2817,20.762735295988964,18.35459618207464,0,0.17075533585588493
2841,20.144044171617864,23.74771222235163,0,0.3696711891754571
2861,16.135595831977625,11.817713722011993,1,0.997679279230003
2882,25.74916291504032,14.888594382592629,0,5.227640845723722e-05
3020,24.083604105290945,13.196997425574814,0,0.0008204110969921175
3040,17.43798902022366,14.23128420656829,1,0.9804360339293637
3109,24.52367140480804,7.652309361870914,0,0.00038724507068056967
3158,21.238773372218294,34.071956909525305,0,0.0904944023760266
3204,28.073885326435207,6.9679662355462275,0,1.0749396654328053e-06
3224,23.110087695861264,4.195339026440134,0,0.003963655474322432
3244,25.729107233776265,9.45197874835017,0,5.290210705108329e-05
3264,17.935331088363252,12.298575223726958,1,0.9561598060504976
3284,18.455522108110454,13.449970999445455,1,0.9024436191339889
3305,17.46706044249563,12.836054055392724,1,0.9793797211859772
3325,27.92129514441468,15.766693718810762,0,1.4329369350601767e-06
3345,14.495735410282043,6.996205317991828,1,0.9998435628695245
3365,10.001451435997739,7.180693273502323,1,0.9999999090282375
3386,24.34332977007235,3.938161695007424,0,0.0005145361714061611
3406,24.240479220488382,25.036630498264255,0,0.0006627671817118163
3427,17.43973449898193,7.753666198890749,1,0.9798852914564818
3447,20.378670809334164,12.44357878355591,0,0.2754985480290215
3467,14.533278448796628,4.734149278553938,1,0.9998320357645544
3487,21.189324983595853,7.830900523615594,0,0.08877597167300111
3507,23.20093307947516,15.71989331924503,0,0.0035688058603159135
3527,23.30497924523201,15.382294741292405,0,0.0030012180146641748
3547,22.75221154468814,15.798638051254246,0,0.00748098068857381
3567,26.163663931969054,13.321223123774303,0,2.613775875556899e-05
3587,15.214193849548366,5.539749203913506,1,0.9994825781096891
3607,21.10621233961535,6.057623384965984,0,0.09994147728189734
3627,22.044675702338996,7.628290550515221,0,0.023039970433648263
3647,24.488953503064288,6.364306588560565,0,0.00040810533990715545
3667,26.263958709044992,15.016560556759718,0,2.22825001997903e-05
3687,20.212475970217326,16.66302663049688,0,0.33740776280911844
3707,23.088303264222205,9.675274648750252,0,0.004197769167232073
3727,23.09868021612913,6.829178072490542,0,0.004080817213815863
3747,22.23766582724974,4.069757933782067,0,0.01660891028454463
3767,27.23606647325339,8.611186770093433,0,4.337943127092783e-06
3787,20.776624673822404,8.121414376356691,0,0.16199210490069246
3807,20.979627498379447,8.460293012474231,0,0.12146522894049105
3827,23.24030142390816,9.33633625691397,0,0.0032616223417331297
3847,26.468906752650668,8.701381282557827,0,1.5476354617585888e-05
3867,19.225977886065802,10.12404389149692,1,0.7180045709539445
3887,19.32612425038324,10.1889104195827,1,0.6832713727391894
3907,27.74953642165785,9.851982762636744,0,1.861152100623149e-06
3927,17.474895880680716,22.36664690782986,1,0.9798673352837027
3947,20.879094684451346,3.8034478372485485,0,0.13820535281099666
3967,23.400983536999817,7.260222400778571,0,0.0024806634811488444
3987,25.375133980222525,9.48295844200921,0,9.51290648655339e-05
4007,28.870491406269316,8.134390529141875,0,2.883636501577217e-07
4027,23.467019657236314,9.058117481833403,0,0.0022397647028920362
4047,23.32903729094212,7.557376610355106,0,0.0027972210391604773
4067,17.109463606038787,14.191050185425155,1,0.9885548960165579
4087,21.66900490723915,12.220319522456334,0,0.042839460688801796
4107,23.081561415461636,12.366068956164526,0,0.004289625738687394
4127,20.4564120643551,3.8483047410765256,0,0.24425297037266122
4147,22.970427728637155,5.242833232858979,0,0.005011391103797368
4167,23.07178669957115,17.904464543816395,0,0.004454783994702407
4187,15.45229382032008,7.080876710527928,1,0.9992370335133445
4228,23.493312543274946,6.184110785862827,0,0.0021204465366700584
4248,23.048725178702092,15.048006346094898,0,0.004576190688330426
4268,23.813661173099298,13.517011142285831,0,0.001284376753252642
4288,23.66198265845239,9.653138715878299,0,0.001626076088399589
4308,15.243493303664291,12.485764389908276,1,0.9994714476566641
4328,20.802694110294677,7.771232251540168,0,0.15603049407439504
4348,21.502768248459663,11.80190074300679,0,0.05558689155653287
4368,18.7441886639603,11.340501060955877,1,0.8504237201648047
4388,23.589292163503284,6.94147912505993,0,0.0018145182839522228
4408,14.999854085796294,13.406073549540945,1,0.9996482668604373
4428,22.506656020399692,7.916334983666634,0,0.010859260146600623
4452,14.583674669227694,16.510122365493825,1,0.9998256534486094
4472,21.901888764126053,30.69852485057053,0,0.03167704936082062
4517,21.737982768565768,18.75582258169264,0,0.039347336624950664
4544,16.83802922510006,19.259256462768917,1,0.992814530759152
4564,16.204968514160043,5.234088340820612,1,0.997329250284525
4584,16.56390529994519,6.930113807660527,1,0.9952005414047224
4604,26.87398397040229,9.8509149428663,0,7.943999581883337e-06
4624,18.041997638665023,9.912526780113682,1,0.9476585836415375
4644,20.64314317075678,20.7026553697132,0,0.20216126132873014
4664,24.077118050948563,22.133970266494376,0,0.0008588580357671681
4684,25.03602793773806,18.915290136698186,0,0.00017316703993086556
4704,14.36059781985654,5.881701537688589,1,0.9998744041194677
4724,14.711167017600141,8.31693837885686,1,0.99977759905341
4744,17.805867403682456,9.574755201260968,1,0.9639546718878977
4764,19.60654803440075,12.459006934042426,1,0.5776065088655276
4784,20.521849565789356,6.366469264532686,0,0.22651781874935367
4804,15.147344165433799,14.615610124120973,1,0.9995530287440959
4827,16.718984146621725,10.377510212997251,1,0.9938853334953789
4847,20.635237075592975,5.502384156816328,0,0.19475384644215363
4867,18.85088701924724,6.67478776513806,1,0.8238653069233521
4887,20.85515412405379,6.290588424105693,0,0.14420061827757336
4907,24.21668030311238,13.555660960932665,0,0.0006590509372772137
4927,25.23278320067343,18.46743473915773,0,0.0001247640382822696
4947,13.986159848952044,7.612963891441499,1,0.9999329325486804
4967,14.132350040498881,9.530460413070093,1,0.999915185719188
5008,20.11359341699281,13.856748874039566,0,0.3723878081952971
5028,24.366668274264626,9.499347042989811,0,0.0005059427945168872
5048,26.134847425415703,11.09475839191389,0,2.717785403068278e-05
5068,17.010579989113975,10.095823479140645,1,0.9901120819288576
5088,14.621640745633732,13.527593854128032,1,0.9998121451506927
5108,20.140838926958633,19.913409290718313,0,0.367404410001318
5148,17.612036969794296,11.765737619468108,1,0.973817771536525
5169,20.57089675654349,16.806795957906992,0,0.21953350384835205
5189,13.420884951603334,4.112579227672834,1,0.9999733567379492
5229,24.312867574265525,11.984792747260439,0,0.0005585273213620796
5275,15.302391814748809,6.904037825165836,1,0.9994043741589071
5295,14.910215862181882,8.316740019822296,1,0.9996906974658457
5317,15.030419993861566,13.758379835062781,1,0.9996305058264883
5337,20.950337511199848,6.4471162779022135,0,0.12586963773775622
5357,25.22151663306433,7.446685058872384,0,0.00012173359406519512
5377,26.46013179160071,15.71630531846025,0,1.6141559806318126e-05
5397,27.73310179251694,27.923956824844016,0,2.053170605356137e-06
5417,27.958072441269955,8.408473105593158,0,1.3098071513224692e-06
5437,27.7738241618674,7.99981945175187,0,1.7747637444508645e-06
5457,27.78229114279231,18.831103011999094,0,1.8260516080648279e-06
5477,28.184276057050816,19.11674546416314,0,9.389311294686422e-07
5497,28.88163195973209,18.231157975691975,0,2.9453446398675253e-07
5517,28.74562266131141,11.164401978193611,0,3.58915972873804e-07
5537,27.82020767456045,15.925107301840077,0,1.6953694029451406e-06
5557,26.941006888789715,6.44319328823852,0,7.014283699833395e-06
5577,27.030232333917343,19.432348861154516,0,6.36651500341124e-06
5597,27.468453149715355,5.9255306979836435,0,2.9202704958596127e-06
5617,24.236961882375866,5.550694491758368,0,0.0006175738258512883
5637,25.672481318777884,5.996649295965615,0,5.73246680037408e-05
5657,22.325984082318968,10.010761788912697,0,0.014714015502922817
5677,22.398145323891384,4.929592241019027,0,0.012822007950340084
5722,24.005617950556537,24.691392212583565,0,0.0009765615365452026
5813,22.941252246287824,8.580069136549435,0,0.005327361815740909
5833,24.23802077051634,10.22532538475786,0,0.0006279028353714406
5853,26.07853690683955,15.524916409691015,0,3.036002097302589e-05
5873,18.282081316724273,12.552062119367136,1,0.9247445611838083
5893,18.50362171513969,3.029093033783385,1,0.8912951142568444
5913,20.12996700158074,9.749317460312994,0,0.36233326076696687
5936,26.669181568457223,25.88756373486926,0,1.1879715962030628e-05
5976,20.069688330617154,2.355440327951391,0,0.3788653309851907
5996,19.81197294808578,15.158916178908038,1,0.4957657570522021
6016,19.459239079466148,4.367299723834194,1,0.6283986729825343
6066,20.82206802251351,4.176847635540581,0,0.15003985183409102
6086,21.249375042534933,5.791242478587458,0,0.08045259243036455
6106,23.89463507398789,9.26028065552129,0,0.0011046487032564131
6166,17.456988400188045,8.738243596706548,1,0.979391970788481
6186,19.807016439105535,5.922446852719509,1,0.48875598217218597
6206,18.51708788789593,28.31566720672844,1,0.8985295416849722
6226,16.853981489999295,7.812198548640277,1,0.9922869741398795
6246,28.529702470241524,11.574429404489628,0,5.141866874847021e-07
6266,27.984690399821755,11.088958726293269,0,1.2665339348906229e-06
6286,26.585882917857656,16.953368872484003,0,1.3168451568236491e-05
6306,26.913938304715007,8.76984662253514,0,7.403469642086765e-06
6326,28.31961685541674,9.58372421226379,0,7.226958959587484e-07
6346,27.850918165249993,8.541928202817846,0,1.5651977977437852e-06
6366,27.95447058152572,12.853025597368045,0,1.3408436027983075e-06
6386,27.915619937547113,7.5296189814227334,0,1.4004515048208575e-06
6406,24.674570111411708,10.912435477214446,0,0.0003054613980958318
6426,28.367048986055227,12.4660571017397,0,6.756569414019282e-07
6446,16.260740933103357,3.545216779047637,1,0.9970519188767528
6466,20.62167380723378,4.785819010321819,0,0.1978568027553486
6486,23.311791639840283,12.727041623241394,0,0.00293693577287626
6506,25.534407335461424,3.3701363963551416,0,7.132619676377385e-05
6526,23.462513888655874,3.387803359642668,0,0.0022069484981365513
6546,24.322029342807898,3.7492369953951714,0,0.0005326217949829946
6566,24.333675474919087,2.6111804974274064,0,0.000520116420224441
6586,24.121525914946947,7.071327624099824,0,0.0007521752671027493
6606,24.05996105384329,14.688037155086334,0,0.0008581766079269313
6626,23.98636257763835,14.994465672934362,0,0.0009705764531409293
6646,18.46485724431619,9.437170144458872,1,0.8996596620353843
6866,15.758940709648439,4.3031078428649066,1,0.9987183948214767
6886,28.715244809259165,10.214874608940326,0,3.760461638629284e-07
6906,26.949964647357756,7.375935093719195,0,6.936262156839013e-06
6926,25.79652035265981,27.806410920827997,0,5.084419237501653e-05
6946,16.634178701337962,5.133433554807387,1,0.9945729032856093
6966,15.772729458098281,18.881900312985866,1,0.99876165443243
6987,15.762023807563933,4.906208163805884,1,0.9987148796952148
7007,15.878255970977875,13.710941134928534,1,0.9984951085694262
7027,20.229787613534036,4.968663574023784,0,0.32093615684311533
7047,14.727046688232154,6.4972974003969615,1,0.9997700323510647
7067,25.511366655570157,13.088762437240693,0,7.69843883819727e-05
7087,17.124384401842782,10.935233483537617,1,0.9881225931584389
7107,16.59401871091708,8.63893239546451,1,0.9949897008116699
7127,26.17969538871104,4.1262107055954695,0,2.454998883152685e-05
7147,21.88419204946458,6.253973829585914,0,0.029695673365990598
7167,18.896772450322512,12.445736422111022,1,0.8159820582018918
7187,20.7676870556354,4.538949474685837,0,0.16209389444111055
7250,15.542908322614338,4.154627537263704,1,0.9991032632479329
7270,18.5240144126323,7.8776560940180484,1,0.8898561895645412
7290,16.211213762571518,4.818820781440618,1,0.9972971443405252
7332,23.729527623050934,13.246278723028496,0,0.001474725349050099
7352,15.652849331426008,7.922718966356766,1,0.9989399903543126
7372,17.099328153867983,8.200028075285346,1,0.9884786062550521
7392,18.864411212368513,8.850819401634256,1,0.8218430581819562
7412,20.85500780793308,8.985637062339157,0,0.14554141073262553
7432,21.68770456981725,11.25338137916339,0,0.04143536052938052
7452,28.213042682398083,7.410244545739997,0,8.550009254674817e-07
7472,24.69375488606378,9.764657122093588,0,0.000294573743733115
7492,20.204353211553013,11.187298170230736,0,0.3356140463847068
7512,22.397920539527924,10.950224585788195,0,0.013129487981424885
7532,16.997540132414432,7.770870144222792,1,0.9902335767551548
7552,17.929825683562616,20.092080495056383,1,0.9577950359947386
7573,23.53694631444783,9.170362212823854,0,0.001996013727974713
7613,17.963199170952986,5.95527347382013,1,0.9530810901041747
7634,22.015236703877807,10.744741289136485,0,0.024454442173914535
7654,22.444959882388115,7.760800424144522,0,0.012007217322427474
7674,26.603784568235472,3.736965602674887,0,1.2137092652705674e-05
7694,25.1741129991043,3.175697079387453,0,0.00012949358594778015
7714,22.15526776211026,9.902226582217814,0,0.019424687789049162
7734,22.52080237335075,10.455430467089773,0,0.010715424680382927
7754,19.019872604040668,14.62948161057039,1,0.7848054529876043
7774,21.938539828207247,14.362558423928979,0,0.028062527384701667
7794,27.175632152687708,8.731282519028328,0,4.797243302457234e-06
7835,16.272336409529,4.0326243957863355,1,0.9970006096600387
7855,23.65972287140244,10.211178810021654,0,0.0016357420483788202
7875,25.231601400073057,11.848066079567323,0,0.00012180225852248898
7895,26.31076722469371,17.096033695851965,0,2.0788120480225438e-05
7980,15.499962529570949,7.110929855717746,1,0.9991744543557463
8002,11.933886556549286,3.5246113681553046,1,0.9999977291286569
8022,18.15183370823747,7.023395968860789,1,0.9371922594095001
8042,18.924143332257437,4.272839712889596,1,0.8040663272194319
8084,15.391027419148381,13.088074207916844,1,0.9993267136372487
8104,17.55941629494024,5.6122464013684485,1,0.9753784654778354
8126,24.226977286950245,7.402897711016084,0,0.0006324523295934319
8146,26.460215592570258,15.566476353587674,0,1.6129827441260584e-05
8166,16.347756139049377,20.629578732000876,1,0.9968162042711631
8186,22.21362577112149,14.732136119785219,0,0.01799749335827137
8206,16.185140256420915,15.069733535484644,1,0.9975130326408959
8226,18.33315647746467,9.308951867542119,1,0.9176803952429
8246,24.713714824765397,19.536751612651226,0,0.0002961330003345605
8289,19.482260798078276,10.213682344156831,1,0.6248409593324131
8309,18.824377702301156,8.390333989348555,1,0.8310984771267661
8329,20.25949180095856,12.035489022333557,0,0.3162706346409311
8349,18.00058418381882,11.574297091131116,1,0.9512639829278334
8369,17.579867440984486,7.115974537527895,1,0.9746971506375012
8389,20.48236744060069,8.723740396310804,0,0.23987174771075415
8409,22.14659017195323,11.99700582747616,0,0.01986000429359892
8429,23.640602849365155,16.15942603455025,0,0.0017281438133860151
8449,15.161470579783087,3.4500966676072746,1,0.9995219512193331
8469,14.120938924412748,7.637213516986516,1,0.9999161538404595
8494,13.898134378511212,5.920658629026785,1,0.9999416506107807
8515,17.693055334481564,14.89629013336408,1,0.9705207282696138
8535,24.15799079296732,4.934059920685244,0,0.0007021787268608208
8555,23.558964645264204,12.428681084961111,0,0.001949348612715316
8575,22.985793579559147,11.460030092175618,0,0.005006104986536076
8595,20.7587743133399,8.540427208506786,0,0.1662767602503894
8615,14.749384121086923,3.446733566270447,1,0.9997584859223069
8635,13.363812529693678,12.02062431254677,1,0.999976502470954
8655,24.514248238489202,12.646078803217417,0,0.0004011229455720303
8675,20.582543506263132,10.233194829804319,0,0.21190192909557237
8695,26.016760064480653,6.059143574356771,0,3.240646704919874e-05
8716,20.765216363919272,14.418544414071125,0,0.16800278599545979
8818,25.879330842057325,7.250405935426207,0,4.088714781611292e-05
8838,25.30901848677875,7.27978428443761,0,0.0001052313876635163
8858,24.20918856349405,16.84944647176751,0,0.0006759591578333042
8878,18.108954320863127,10.229062893043293,1,0.9419401894713362
8899,22.104696279932938,10.817773972328602,0,0.02116161051113132
8940,18.840059270657292,19.443341084725645,1,0.8335270748759445
8960,23.392694022726506,13.346448543490178,0,0.002575554652344494
8981,23.251681530279093,11.822369703313433,0,0.003232163399740901
9014,21.763685284919863,16.65595949840102,0,0.037469786194951935
9034,27.44320464876118,11.240838710133144,0,3.109285812864592e-06
9054,23.14729420768179,26.402056827562078,0,0.0040656609248000035
9074,23.02572432389604,5.548153573089477,0,0.004579965201270088
9094,23.232969709350648,10.05418663629562,0,0.003310655151549031
9121,16.43760953643186,9.456877588840577,1,0.9961418302592877
9173,18.30348033835775,15.07253842611055,1,0.922945386137879
9194,24.305429731245685,17.721530303651804,0,0.0005783238454227231
9214,18.310206262760698,7.456721194707029,1,0.9199750603029835
9234,16.583557854855606,5.660678710478682,1,0.9950177711874453
9254,19.425864039134026,9.398079403364376,1,0.6457530639428367
9274,19.33035020959815,5.409359272816994,1,0.6776685736049363
9294,19.82789128808193,3.8097842938093116,1,0.47804463856124796
9314,18.567530652553287,5.036743199123863,1,0.8814247066345496
9334,16.511904535977873,15.78790755404246,1,0.9957450475622003
9354,15.505875972807504,11.265557504856648,1,0.9991798061642739
9374,14.298313857468578,19.47412140473303,1,0.9998926076549833
9394,12.677989090960676,14.03040754385573,1,0.9999925197506863
9414,12.821931848536533,4.596770753920338,1,0.9999901459239656
9434,18.582316147283816,7.855276092870919,1,0.8800126309188185
9454,24.068026509529886,9.834459573724711,0,0.000830820674475269
9474,23.683246134887927,5.06530287348665,0,0.0015418736578906886
9494,22.11225615818852,9.126864464805816,0,0.020768172844294244
9517,18.715763544690013,8.383710142187004,1,0.854884304290929
9541,22.242752723157096,6.687897928140477,0,0.01663910568457805
9561,22.372892969410113,19.28570403449263,0,0.014126572676061381
9582,19.665677368123276,15.582469326591134,1,0.5565596183762018
9603,19.727916205056538,19.120209074119153,1,0.5344301094600491
9623,22.53420345366979,6.130876765402431,0,0.010307852043993516
9643,20.987540104913844,10.256045085829395,0,0.120819489237721
9664,17.921344719245567,10.321249677461077,1,0.9568016420506081
9684,20.669060538604395,9.412231548517662,0,0.18844831246468235
9704,20.693089666370316,17.149312473183493,0,0.1870068461075185
9732,17.52927840037221,10.638029880589837,1,0.9769976677773792
9757,23.992791296877225,19.51121055944675,0,0.0009774626402305276
9778,23.844816741347792,3.03268136922243,0,0.0011706816989371488
9824,12.155634995824197,3.3044785335539095,1,0.9999967175972949
9846,23.03633842445302,25.71926584796891,0,0.004869532202271744
9870,15.844944465437742,10.610680319960736,1,0.9985584172902447
9894,21.497089565261067,10.874520648267387,0,0.05589066209549125
9917,16.771818993257803,6.709999967310084,1,0.9932333485151732
9937,17.140325435016983,6.233039180603717,1,0.9875841271772662
9957,16.67932151689411,6.118168136089775,1,0.9941761375464114
9977,23.052967573136026,8.143371579918139,0,0.0044232806288611185
9997,24.356075673981064,8.690496632193677,0,0.0005132679691551401
10017,27.491351925486196,10.306317779898585,0,2.8602818096727e-06
10037,20.004493599140773,5.778887784394826,0,0.4078485839020248
10057,21.463729239305835,5.223381398003224,0,0.057663623613581946
10077,23.739391292670252,3.153835251935448,0,0.0013945625391604418
10097,23.743017079729494,40.90759276212309,0,0.0016073332669614417
10129,20.208871617170445,7.399513648318074,0,0.33064677494236105
10250,14.335395303581485,9.540697128598195,1,0.999881259778396
10444,19.81400835069218,8.828989827929664,1,0.48871144431482577
10464,19.727707219031608,8.976279247434784,1,0.5245953324775849
10484,23.16052538582534,10.564725854892394,0,0.0037389222241741914
10504,23.12086941032566,9.620441600268844,0,0.003977211388869387
10524,14.847086330773248,3.6484312635148246,1,0.9997162664881912
10544,13.177646707232283,7.338942770754898,1,0.9999824209019188
10564,15.094535445522766,4.612074163729883,1,0.9995740773082865
10584,23.616976579206177,3.304260137734278,0,0.001708745546720757
10604,18.380046411394304,6.974332894833478,1,0.9108740504989434
10624,24.92439129589207,8.085947789255913,0,0.00019968738850416283
10644,27.8877522949853,7.877845411111268,0,1.4686629848984699e-06
10664,24.349643761201072,12.396017063205136,0,0.0005263642624967778
10684,19.065401458204715,10.304742211972396,1,0.7687827203746537
10704,18.810757109788373,6.127707203856576,1,0.8330119487180315
10724,25.470563829778996,5.124971115901436,0,7.983526854893028e-05
10764,15.158001913198865,9.70872562327342,1,0.9995362216224336
10809,14.7144517041757,14.712481059460444,1,0.9997819286961127
10830,19.208802506726247,22.614715054784007,1,0.73342912283542
10850,19.485460151302576,6.676471692575897,1,0.6203319299850308
10870,17.627137794913683,5.276475402179312,1,0.9724987482780739
10890,17.217041651100214,5.943647396810613,1,0.9859085089995043
10910,18.900365981387207,5.986205828863535,1,0.8112331992767162
10930,13.384176705335001,8.183844160933509,1,0.9999753269708104
10951,13.789925105542677,11.082898770941005,1,0.999952209083202
10992,22.647150155520134,23.30429735285889,0,0.009154836459828466
11014,13.136739173735906,5.291580588759719,1,0.9999834407474167
11034,20.192225485008507,22.293818714796718,0,0.34996427172709416
11054,23.62257336162252,27.970543104730705,0,0.0018648199457971118
11075,22.205171548531474,8.043141614195385,0,0.0177823073309064
11095,26.13904512651143,28.219625021844376,0,2.886627751974552e-05
11115,22.698003265919002,30.318125742567915,0,0.008654107859892944
11135,22.677002908219755,6.728704992498686,0,0.008172035968149034
11176,20.93089144992987,29.73025410665919,0,0.14011406137423427
11196,19.930524958861128,15.742147106264607,1,0.4474082354567226
11216,20.640976562909465,9.642162443859675,0,0.19581290226869
11236,22.620352219278953,9.4909273270972,0,0.009066253368345566
11256,26.088378755722623,10.459604954297392,0,2.9280705246350672e-05
11276,16.38441731453383,10.858820570602425,1,0.9964856038305859
11296,18.1868977873646,18.05388535665653,1,0.9363145994966036
11316,24.81060287225569,6.166874104687062,0,0.00023931580510350639
11336,23.573844448679193,17.266624816267793,0,0.0019383486149399474
11356,17.988292858500714,4.238420346647402,1,0.9508718017489468
11376,17.504635010491885,4.367178286696656,1,0.9773595452299613
11396,21.21846601275686,6.989032432066114,0,0.08468891783442702
11416,20.67257917286779,11.110392485532941,0,0.18857600213491535
11436,22.28604885723354,8.2778885813465,0,0.015600300838971196
11456,18.517326733662152,8.180638633662998,1,0.8910534797278957
11476,16.98652480310489,8.149932401338642,1,0.9904227053291288
11496,17.191555211068557,8.967757530473262,1,0.9866409050629369
11516,19.70748638155703,10.657497392021465,1,0.5345889776345798
11536,21.551689689627313,13.133134664821759,0,0.05173608156489278
11556,21.52858737817859,21.40984168125327,0,0.05532105782895484
11576,21.75105930302987,16.34167218006782,0,0.03818656272077687
11596,21.688459228069753,14.982697602041911,0,0.041970475641185265
11616,16.39636692419928,10.106428174329253,1,0.996404988531023
11637,19.45872650108735,18.200881038705745,1,0.6411853141678671
11697,20.803249324128327,4.895895126009175,0,0.15442954319634913
11717,16.414245709874546,7.75454634397887,1,0.996263040984119
11737,18.957624929554665,12.361689961738763,1,0.8002992834742565
11757,15.688322511921243,10.154789268069015,1,0.9988856652327631
11777,14.495434259383662,14.726025171676351,1,0.9998483139254198
11819,15.886736727596013,11.127367297718491,1,0.9984583030821467
11839,21.507570912361206,5.979877798553483,0,0.05399105961573611
11859,21.26137450280484,10.319466882241997,0,0.08029650959269997
11879,23.971509868088603,10.247493195472154,0,0.0009763943029021114
11899,20.41554276142748,6.598385030666153,0,0.25903991161389667
11919,20.621312678996507,16.98770918308825,0,0.20566751153367235
11963,14.298372535018292,13.71255040641634,1,0.9998901403979132
11983,16.803348329439135,7.57483707015992,1,0.9928968932908303
12003,19.164543468218657,21.138929159452307,1,0.7464289722453673
12025,22.524638667208176,17.19915960575608,0,0.01093078658863943
12045,23.975922625380644,2.62807342096192,0,0.0009407474624393437
12065,11.335783706694604,5.2086199531765605,1,0.9999991628934786
12085,19.082299868321492,8.535746117672529,1,0.7625111361932377
12105,20.017468609516207,21.547854999290468,0,0.4176410477288155
12125,19.342814303988337,8.99618643201623,1,0.6762301142338737
12145,15.041685140618116,5.941911291804276,1,0.9996118176554794
12165,18.591343382972795,10.045220516310783,1,0.8793389087180516
12185,19.58515025962769,13.755309504115818,1,0.5874688765260048
12205,22.101755980010555,11.346324295136597,0,0.021306022488479112
12225,22.209684192138614,10.608907855899144,0,0.017827658658353358
12245,22.909402509183217,12.584509798891311,0,0.00570299022032797
12265,23.200673766799852,12.690304158089335,0,0.003528269736586938
12285,16.532295619960287,6.011930703936701,1,0.9954280343118513
12305,20.073800013561925,8.136557208656427,0,0.38260970150810575
12325,20.618149819191693,12.871571298036265,0,0.2038897151460691
12345,15.0611865962169,19.503500035109976,1,0.9996198502920046
12365,17.378055591944264,8.913298849770808,1,0.9818856399956007
12390,18.648582894137284,3.788697191254465,1,0.866081464974696
12410,19.85552266934518,5.47100903861326,1,0.4682539560518467
12430,19.66982391703653,4.865868131149584,1,0.5444487048240356
12450,23.767659722285238,7.387864198073195,0,0.001353088516452539
12470,22.19997921406031,9.032529533098149,0,0.018001788114210104
12490,25.06582866483723,6.621325803548274,0,0.00015705762222244666
12510,20.143089651883535,12.397712737050712,0,0.35971419589349835
12530,21.237723610455518,20.016160619203475,0,0.08619104745230972
12550,18.664931465646802,17.291357445461518,1,0.8690585197425537
12570,22.687041901114096,12.297225798402984,0,0.008214470019667101
12590,24.116226637594114,17.595628482606664,0,0.000790789597356889
12610,20.678002043167517,5.472013392353914,0,0.1838596110471635
12630,22.533080136395824,5.447435241725736,0,0.010299477455890315
12650,25.024699817975428,11.343169023652717,0,0.0001712813222659083
12670,22.837165923992128,10.13942481404824,0,0.0063627460870263365
12690,26.441129190273816,2.895182885714582,0,1.5840337366364744e-05
12710,23.690207113521076,7.180835458661466,0,0.0015369053686313605
12750,23.07138654493923,10.726561500640305,0,0.004334398387021465
12835,20.023372773110722,32.981603811357715,0,0.42620229728365394
12865,18.12931864904653,27.948816349066036,1,0.9438680179709363
12925,17.304947542372982,14.415250424991724,1,0.9842578639792394
12945,19.767217869719136,16.95492938955381,1,0.5160683025308007
12965,20.97823272891247,18.164218039953557,0,0.12584368116285566
12985,22.26831971912759,18.647524658568678,0,0.016714132656770967
13038,27.101841221994828,13.53289530029443,0,5.524541404535594e-06
13078,18.91570335087082,7.625998607133577,1,0.8083089091780881
13100,23.549224083684773,5.2619857041237434,0,0.0019261584836319367
13120,22.919577244763765,7.871111401665871,0,0.005505897100671244
13140,20.967144555744692,7.724529421525247,0,0.12337773973887252
13160,27.961465283407712,6.95964690976882,0,1.2950745914185363e-06
13180,22.855766742672365,6.989429305668598,0,0.006095382501638293
13200,25.08682656998895,6.694378680864693,0,0.00015172972023376447
13220,22.05068966422454,5.100882892732243,0,0.022596472781336113
13240,19.40150142018743,9.524887798605478,1,0.6550477019441735
13260,23.47650598143563,5.794393873756463,0,0.002176889603844833
13280,28.419517459064725,3.5958967513864266,0,5.981821129737987e-07
13303,27.82174468183307,3.396358247945208,0,1.6098905275480924e-06
13522,14.11186179177593,4.3759725473583755,1,0.9999163415960054
13567,27.621052403713183,5.897083086842383,0,2.267394525437681e-06
13587,23.22442600167048,19.78951497049401,0,0.0034880732270633503
13607,22.151367044911517,10.917478445806314,0,0.01962475983648394
13627,14.474759848472694,9.388610146393889,1,0.999850319730136
13647,23.94583404060445,6.558561817218185,0,0.0010041673853306162
13667,26.137399158815622,8.066658948529112,0,2.674333488490413e-05
13687,17.940566213839336,10.473318016221576,1,0.9554908722987164
13708,18.158961801791392,6.69567017886359,1,0.936416636996815
13728,17.906936177286845,5.232590743712691,1,0.9569627365313088
13748,14.769362188387497,21.118888312524454,1,0.9997670857208465
13768,18.404511826913122,7.022162134691399,1,0.9075424195075708
13788,16.560618969328495,10.747409645970812,1,0.9952971596041974
13808,18.406569746715366,9.220961265168771,1,0.9079796046042661
13828,19.119263243457876,9.842657488682724,1,0.7521962741299807
13848,19.51895497047124,8.780058380139597,1,0.6091398547207869
13868,19.868029769994507,6.550406380478965,1,0.4641495873540771
13888,20.448134673495275,11.67209560011903,0,0.2525483683844414
13908,20.96608288429967,16.09452867055657,0,0.12717114225480017
13928,19.22081523465707,5.8591399801483615,1,0.716344044895902
13948,18.59730162014653,3.270195047897579,1,0.8754150830766443
13968,23.973013468796367,33.62393259481069,0,0.00106748138848469
13988,21.13298914759541,10.822204848671033,0,0.09765533621825752
14008,21.569674533242672,11.089862142446847,0,0.049911243831114595
14028,22.850182532150537,6.1904400510787045,0,0.006132565522182636
14048,22.584891520877107,33.789374914467196,0,0.010561540824015206
14068,23.332466667020853,10.967135239399333,0,0.002818788189728711
14088,21.71119695984423,9.605852250860929,0,0.039668955176322955
14108,21.13063617175363,8.27080338473958,0,0.09711767805248092
14128,21.82571731363991,10.18106837402748,0,0.033109377691984944
14148,20.98686889145037,4.8933036407219825,0,0.11871725797920973
14168,19.952732781285988,8.42200153842623,1,0.4312639900838033
14188,13.472459304154292,7.400224261012806,1,0.9999713511900022
14209,19.72491276154328,21.837968707920233,1,0.5383213706633841
14230,21.374634133461704,6.033909657896575,0,0.06642931571747523
14250,24.90205764641174,5.670126966051533,0,0.0002052607825972484
14270,24.693184280765536,6.40974808376423,0,0.00029099544216778817
14291,16.3061945847622,7.099604539142225,1,0.9968658650655662
14337,15.732319419721419,8.141574416775596,1,0.9987919680188312
14357,21.09782390250055,18.40523821560794,0,0.10569443303895089
14389,15.693676360538758,15.18295029716342,1,0.9988976949624233
14541,25.38031521920993,5.987984455777607,0,9.303052897315905e-05
14561,24.482797405124256,5.124818363548904,0,0.00041028857643960587
14621,24.545465983468166,5.473288349167552,0,0.0003703303322568757
14641,24.96189865752582,6.535636711666689,0,0.00018651492461840174
14661,24.85576989100658,6.633190887074654,0,0.00022246440686469915
14681,25.03171219211412,7.224208351068947,0,0.00016658709757854114
14701,25.45595142102507,7.376742165956197,0,8.251854840714237e-05
14841,23.428990252396563,37.2826441454816,0,0.002663888722863167
14861,24.361240490312046,33.329944605139104,0,0.0005605524103858404
14881,24.385883089873804,8.17667067570877,0,0.0004875538016030478
14901,24.997127403115204,18.416407148930087,0,0.0001843368347826373
14921,22.54929162920703,8.105426999611193,0,0.010133284931613825
14942,18.56493826704336,6.733063579175358,1,0.8825650524020645
14962,15.278008828936876,15.103091341040805,1,0.999446063190105
14982,22.298568757554122,10.813298774499797,0,0.01543534197249555
15002,15.778225822913361,4.984030363405391,1,0.9986803492249532
15022,15.61161680945609,9.007640694008414,1,0.9990141490876281
15042,31.887746598379195,14.385086160483457,0,1.989037236000327e-09
15062,31.842427541991768,16.750696834282195,0,2.164207928078615e-09
15082,25.2410295438995,6.499470684054058,0,0.00011742242422078812
15102,31.76041121154248,24.74107052757135,0,2.5583600380623518e-09
15122,31.747041104185854,27.49123865969626,0,2.6440832473390713e-09
15165,25.180415417692025,10.096602083308142,0,0.0001316772505479535
15185,31.170677663787767,20.33822002817739,0,6.682998171992693e-09
15205,34.359365266043895,5.236023329557322,0,3.190524156205021e-11
15225,31.134607480275328,26.761432366546995,0,7.275919849585566e-09
15265,22.413149540185046,5.638500378013527,0,0.01254543394697061
15285,33.58882656739354,28.159499567576272,0,1.252030697627864e-10
15305,31.147354986110265,24.82266437778624,0,7.069782699223241e-09
15325,24.52023755135607,13.777983666990604,0,0.0003989302699526646
15345,31.821851607148833,25.79147686545863,0,2.3201981196153865e-09
15365,31.549161821030026,13.529882707852407,0,3.474667461717405e-09
15385,19.15909029023764,5.011468160000878,1,0.7360192150847886
15413,23.375197806024257,35.930469799403106,0,0.00289622059163511
15460,25.127422331594833,22.45879725440272,0,0.00015091306460690066
15481,9.369733443046798,4.008158117186434,1,0.9999999676721386
15509,26.01886108639016,9.380207199744298,0,3.271761101273597e-05
15529,16.688106867092316,14.409101526943177,1,0.9942793658378745
15573,15.866502002602195,12.950357583066316,1,0.9985196935488935
15593,25.065626883684168,26.071450918905718,0,0.00016957485926887277
15613,26.80204291600071,15.52599039094985,0,9.151686392131293e-06
15638,14.450066648869706,8.652706226515859,1,0.999855905820917
15658,21.25617907775875,6.478314716050076,0,0.07982010150800833
15678,23.924080107628125,13.43201130848603,0,0.0010694401377528977
15698,20.703650663425126,19.38403415146936,0,0.18568297095270112
15718,20.005596511250058,7.912626969968183,0,0.40943112763211925
15738,19.04463607995903,5.364077312156415,1,0.7714421804961151
15780,27.660429657457332,12.038603257930745,0,2.175970337180524e-06
15800,16.126544731361356,7.458034043421932,1,0.9976743804928864
15821,28.783535669170128,21.234243541198737,0,3.5064728379582067e-07
15861,20.26477497780628,14.097071280132626,0,0.3161272259227855
15881,19.10368631124216,12.769570227396631,1,0.7590850680805817
15901,22.357943997637225,19.69484587897509,0,0.014498776119455417
15921,26.272149402820133,20.813313823354296,0,2.2488025087415454e-05
15941,18.548981897232224,8.449080748026297,1,0.8859610224544836
15961,25.99949242352447,20.32594295070427,0,3.5268377569953664e-05
15981,23.744381296338567,10.775552626820614,0,0.00142504246424147
16001,17.29389195014858,12.817137283947371,1,0.9844434944672893
16021,16.682857764818344,13.35034802256694,1,0.9943051526929249
16041,13.114140903695152,7.15344216612372,1,0.9999841656839229
16061,16.869654926366316,2.9406448177158646,0,0.9919339900873265
16081,26.316019454374555,23.054289886839523,0,2.109566307623391e-05
16101,16.555942472179964,15.508773238668272,1,0.9954193297736723
16152,22.233847412007847,20.146080361130718,0,0.017782043803124842
16172,22.255955876607306,15.297745840488114,0,0.016835227948758656
16192,24.952849181990672,14.468052678390878,0,0.00019532094624061515
16212,20.43279388465911,12.270423474168654,0,0.25782760291317525
16232,23.580227380450882,25.406182191635057,0,0.0019801450175238795
16252,28.721000815455287,7.846558794347463,0,3.690283538545286e-07
16272,23.318209890878098,13.545481787644315,0,0.002915272718186128
16312,22.399970643044572,7.153732078413561,0,0.012894437686815379
16332,17.84451187370238,21.400047703152577,1,0.9633371298273189
16352,19.382520110131864,11.32977916924279,1,0.663705080739195
16372,21.853536189897607,9.930413980230231,0,0.0316344551849246
16488,25.782701348003357,8.362760647402217,0,4.81990464203168e-05
16510,20.685724306460557,9.195511538300519,0,0.18413264406876562
16533,18.592358728311805,16.789996152612648,1,0.8819452240947734
16573,23.96304082026293,5.746723128086653,0,0.0009728577013992019
16593,23.090662031652077,3.344256492242701,0,0.004079226891897854
16613,27.744895441689483,10.167603256114006,0,1.8778494884923146e-06
16633,22.843376698521077,4.221049429174696,0,0.006154234539786802
16653,17.426129208261333,11.577681066769445,1,0.980612480558074
16673,22.073458332524012,4.699501684574478,0,0.0217442726973686
16739,17.676993383369666,8.69591407080323,1,0.9705859044156724
16764,16.99119214592826,11.341195687689703,1,0.9904680585325125
16785,17.491281972873868,6.030558704913004,1,0.9779851933653803
16805,16.276369827111793,4.322849869762891,1,0.9969839791364925
16825,15.309993477712819,4.035031635866796,1,0.9993899983893674
16845,19.933232247227732,6.628344981601536,1,0.4374751217168497
16865,17.368684604677888,6.824068229174515,1,0.9820155585041587
16885,19.66855513689569,5.046057270289408,1,0.5451456691279281
16905,25.29414576722279,9.875862726866973,0,0.00010896224984743464
16925,23.037324950132092,10.178206180396703,0,0.004575176974584589
16949,19.259005716819377,12.18945403176228,1,0.7084669376677097
16969,16.276831273345746,6.400987235043519,1,0.9970061301423507
17009,22.649822672859738,18.896025853636193,0,0.008959755298291978
17029,21.219206510480053,9.537205823868938,0,0.08537173285055907
17049,20.868525459112394,4.151303782488956,0,0.1404699519401396
17069,19.190121103625614,4.825992326795768,1,0.7257604598040622
17089,20.55796018212191,7.317484860914819,0,0.21683632836263048
17109,21.645606485028434,10.05942758378604,0,0.04409922078660982
17129,20.53712210539998,10.280250794054151,0,0.22477941181984024
17149,22.063304851703908,9.065624357622335,0,0.022478737018960263
17169,18.228529388787635,5.6553565498437885,1,0.9289265566831174
17189,17.25316591211116,7.13306472158368,1,0.9851205930428856
17209,18.622021547984307,4.730761802810328,1,0.8715206439749225
17229,20.55497484450947,6.032272934987325,0,0.21681978157033466
17249,22.656237879373435,22.70464851601487,0,0.008998188535061683
17273,27.055181657947685,4.899068193865574,0,5.769829986717893e-06
17310,12.695840456263388,14.472354498760387,1,0.9999923084712302
17330,25.499889435956856,14.01697038418361,0,7.874922997028518e-05
17350,25.238568129053835,14.148073034740651,0,0.00012149601769172777
17370,25.219668230756064,14.140619974394777,0,0.00012535817187704819
17390,25.48504239426509,14.326020954238375,0,8.080903483533287e-05
17410,24.820810881548226,13.400765785928344,0,0.00024207829310649785
17430,23.756134311932467,12.490785129120201,0,0.0014070184260761892
17450,23.374037465597684,13.663764990017743,0,0.00265953098924195
17470,23.15488871188546,9.448246187239492,0,0.003757441954857903
17490,22.324290096476638,7.308695787208729,0,0.014601357172927588
17510,19.35033664974409,7.830166998357889,1,0.6724868532956936
17530,25.703394336312773,10.98661313057152,0,5.553895234886598e-05
17572,17.4264855367617,9.655017817350837,1,0.9804571408171511
17592,18.443861984687558,25.19457029841037,1,0.908054708484225
17612,20.354403871391245,8.417671002772229,0,0.2803988007274852
17632,25.362277557972273,13.472447972413908,0,9.871165052670822e-05
17652,25.073269218636945,8.223237955088063,0,0.00015611141492395764
17672,16.701996757549168,4.752009134131252,1,0.9939221203538608
17692,16.32674957688186,12.649003845708167,1,0.9968272526041118
17715,18.928064085077985,23.079284336350888,1,0.8144577059175535
17735,20.955023136246613,6.824593197367449,0,0.12517980127825087
17755,22.960967716616025,10.229932464372116,0,0.005190306262606893
17775,21.750673664309943,8.700461255922502,0,0.03712273202315871
17795,21.931437741429225,8.039868601441412,0,0.0277087535422536
17815,22.704683847623517,9.097948659931333,0,0.007880819300745065
17835,23.255304249299392,9.780202755116568,0,0.0031873014953801336
17855,16.184137577507226,12.768450786569636,1,0.9974946752610627
17875,25.145483892466586,9.253407199248977,0,0.0001390641419896825
17895,25.03237537477525,8.47794021785678,0,0.0001672250443291098
17915,22.380958636281765,3.8457379574697796,0,0.013132374061493536
17935,21.189294541109003,6.853665694420867,0,0.0884701727759261
17955,25.340439414046322,15.637957886941987,0,0.00010322353785338204
17975,22.104746165247448,19.43200681941403,0,0.02187182017431871
17995,24.09883159981701,9.823635111872743,0,0.0007894632781870581
18015,24.661521527178934,14.15124720492745,0,0.00031613083380214443
18039,24.207593939455112,33.298315248471,0,0.0007229252458652953
18061,18.490917249311167,9.910704136816694,1,0.8958660876352024
18081,13.618589407847637,5.329435176457419,1,0.9999632019551206
18101,11.883014676377607,3.1453111409576398,1,0.9999979096478082
18141,15.220824976524582,6.525811929783585,1,0.9994788828947309
18161,20.485214960281407,13.806539276715576,0,0.24266058029559878
18181,19.524857120756057,13.615005796545626,1,0.6113277753882473
18201,20.36996451577448,12.814046780369024,0,0.2786804891973087
18221,14.843660136157908,13.777154598230904,1,0.9997288683493608
18241,25.045937624463278,6.216002358975162,0,0.00016206313071556795
18261,24.229087344729,10.653609927640986,0,0.0006383352371047579
18281,18.400107022092556,6.91208985779736,1,0.9081171674200718
18301,19.979523495437704,7.175101732182614,1,0.4192149541508377
18321,20.999340652633254,7.708346257080533,0,0.11771443112592027
18341,22.13323083467012,8.658348846540893,0,0.020036657115392268
18361,27.167761022042658,8.098020108193973,0,4.848171753804975e-06
18381,27.087137567635633,8.935769439075287,0,5.559585656691147e-06
18447,21.9301218699578,14.075795539410448,0,0.028414509641147678
18467,28.363835926808807,7.003211562060022,0,6.648519577925272e-07
18487,25.560809901603193,32.47430202398653,0,7.65356743967863e-05
18507,17.534981727001135,16.30375840594395,1,0.9772833525274541
18527,22.651782997905485,23.799393412186813,0,0.009102958118115805
18547,25.1813476416627,7.65699258751795,0,0.00013022092332331061
18589,27.458566335118245,5.711841597361471,0,2.966031030723962e-06
18631,17.456244617576292,8.112376379889431,1,0.9793672460817971
18651,20.95995292249814,9.020878767527384,0,0.1252292335316785
18671,22.70110917727903,7.815073598166557,0,0.007887769692568092
18814,15.743253048389999,8.423003621630661,1,0.9987712596984192
18839,16.863395852057106,3.480208849179229,1,0.9920333319671663
18869,15.71750722018689,2.736717203711055,0,0.9987959818818194
18923,19.062242462057817,3.9748534316631634,1,0.7652777376245208
18960,20.258981136918578,6.81680994795488,0,0.312038646290623
19040,14.658246507174875,3.6981308928741483,1,0.9997925451077662
19062,13.79600060863854,3.0959700340009144,1,0.9999501878042545
19083,16.70990204377652,6.041397736881374,1,0.9938733517661184
19129,20.65600689080173,21.8311673642644,0,0.1994505449403152
19149,24.10104505467075,6.845387247989228,0,0.0007774382028108239
19191,18.27713510205107,8.088952778080083,1,0.9240931464060635
19212,19.908383754764944,11.149781701153003,1,0.4520284573938944
19254,20.12695945565876,12.733376285780196,0,0.3662006118857114
19274,22.98677729665034,4.613214256879543,0,0.004866077971572983
19294,23.54020189486775,4.340586241806741,0,0.0019480767415034916
19314,23.54474886194775,5.702324962984385,0,0.001943822382853186
19334,22.774085968999962,7.327240179423917,0,0.00698211137027062
19357,23.189327131383592,21.550776729077768,0,0.003721794807179373
19377,24.164902672996547,10.95852600499527,0,0.0007107882063430138
19419,13.54307164404032,6.881335618902565,1,0.9999677284634981
19460,25.583321663664826,12.913662764086453,0,6.828282241901335e-05
19480,11.72993185404998,11.044867962742918,1,0.9999984276290391
19500,21.360315943727212,22.603053191456752,0,0.07215175996604045
19520,18.429268482492756,18.043204105159194,1,0.90772966559151
19560,16.13914757027483,7.212822245133791,1,0.9976231240079128
19581,21.877350208564856,7.524443043129509,0,0.03016978021378693
19601,21.94712547055128,7.461092653730149,0,0.02695709307669034
19621,22.033544972081938,7.325884074129964,0,0.0234317388708742
19641,21.950086013696726,7.4036049685870005,0,0.02682278394091738
19661,21.86128609706677,26.29618479028887,0,0.03324767705580646
19683,21.877980426842917,2.478630825873187,0,0.029565540985751697
19703,15.681801124351455,16.395293665961972,1,0.9989242831541719
19726,19.373314946677446,8.917712447919289,1,0.6649957380190467
19787,21.873771846373913,17.20402971098092,0,0.03148210254974859
19807,28.708655059210393,7.014829326634735,0,3.7542972437160016e-07
19827,8.988550705209743,12.653423858022666,1,0.9999999833871422
19847,26.78915298708329,14.237297416944608,0,9.30213372560359e-06
19897,21.637706107734207,5.976441480525416,0,0.04397567947950309
20061,20.62120282936731,9.408655644515786,0,0.200878296136253
20129,15.462452501602069,6.022459942158884,1,0.9992208596157238
20149,23.609915635340755,23.030223060105723,0,0.0018677722973980048
20191,22.887852083138245,6.417196034804178,0,0.0057686155758813916
20211,23.29749462829555,19.393404148487743,0,0.00308664773461878
20231,21.429532192390983,26.890532020050113,0,0.06586644036142453
20271,24.78228200257239,20.50269900767634,0,0.00026533186839510685
20291,23.470161012253755,19.76707696133867,0,0.0023236113029037574
20311,22.121954216135325,21.630907894698556,0,0.021450333544446736
20331,22.60125622574642,21.596382736273632,0,0.00980594839537425
20351,22.276820211051763,24.86929238933181,0,0.016884863896161655
20391,21.732287907376065,19.37265297319081,0,0.03979812540047284
20411,21.73009791549375,16.401864952735888,0,0.039492275938890875
20431,28.349543862313865,7.94864242336864,0,6.833213322772483e-07
20451,23.730975986730705,7.211871180976684,0,0.0014368000210598995
20471,20.23059354800177,2.5153529731965834,0,0.3185506815167097
20491,22.700770465774927,3.992645601957121,0,0.007775528164416374
20511,23.506941517365707,4.759078081066678,0,0.0020616383409341886
20531,24.37272150383754,6.402701434069395,0,0.000494844837997415
20551,24.231249917573177,5.5979119776707345,0,0.0006235603810031196
20571,24.360134252186768,3.65333758218859,0,0.0004998504029463372
20591,25.173916317520373,2.083521050897432,0,0.0001289816387443259
20611,23.06212995884168,11.307123190459603,0,0.004411116509809304
20631,23.439287554958348,5.919747884795743,0,0.0023162262188766367
20651,25.16921468929192,2.2181843062686912,0,0.0001300593162938882
20671,23.612452743480144,17.529397199793124,0,0.0018202846692932254
20691,23.314243760756792,22.11878537858526,0,0.0030345882438573284
20711,22.649805039163457,14.038469897487236,0,0.008792250735698441
20731,23.40943012334392,9.354168775356928,0,0.0024664029330445465
20751,25.50196495404454,9.139515646663792,0,7.699046206333286e-05
20771,25.514635329197578,10.53993459255023,0,7.580615416335538e-05
20791,25.599332451322436,2.64807140197866,0,6.386827367330456e-05
20811,24.09956071522187,5.862013263387015,0,0.0007763511183238606
20831,25.193751404309523,16.860346051760647,0,0.00013226437916650794
20851,20.030861200067577,11.917443585239734,0,0.4031225380912049
20871,19.675291979312806,11.351812055962874,1,0.5485132528489541
20891,24.17062251930533,15.150742555290211,0,0.0007157616350271205
20911,23.50897223670036,5.9533013065979326,0,0.0020643610480031694
20931,22.9711608181662,3.691235419700028,0,0.0049750900243901944
20951,26.26123020746009,9.940286771097776,0,2.1941841491453354e-05
21011,16.56030089173936,17.81073647230829,1,0.9954275901798372
21031,17.475586258420908,17.70071140163639,1,0.9794797860806307
21051,22.069399592235563,24.34145009356715,0,0.023601040543155677
21071,16.244787135618438,5.559671858136148,1,0.9971511882818141
21091,27.8787761626189,7.410033661088974,0,1.4879417828731357e-06
21111,28.22442673781364,10.58634657327341,0,8.495464250720108e-07
21131,20.67534435777908,11.913704396454259,0,0.18835735528638814
21151,21.01268537255304,9.49938717457024,0,0.11615650036250452
21171,19.387222149780374,25.898811893757152,1,0.6746412624495819
21191,22.62994066908076,18.83343602812337,0,0.009254906325396535
21211,19.149841037369967,17.138124985715596,1,0.7480650383850322
21234,16.81888457853104,4.326624221118354,1,0.9926201220369446
21366,24.044968212644466,12.273869843318597,0,0.0008714595628170281
21386,25.818700155752524,11.680671654953063,0,4.6002656944928406e-05
21434,15.194468257197554,8.015872454448743,1,0.9995040556404701
21454,27.35380842235174,6.1464792568989335,0,3.5344833057630053e-06
21474,26.277954230134547,5.391241806100125,0,2.0964216553950327e-05
21514,24.70442395009723,3.6020381011356397,0,0.0002824957331198397
21534,20.877408874871737,18.87145454842224,0,0.14575060200240567
21555,15.496019994932764,11.696539063216548,1,0.9991944485859864
21575,24.778184196121153,16.78749530177585,0,0.00026327258602879314
21617,26.063827858739234,13.155101198455474,0,3.082119987799523e-05
21637,24.23502260063056,16.45843686018845,0,0.0006466511033834968
21657,21.547647814465005,27.718669997612132,0,0.054965473059954605
21677,20.203301110309837,10.806314134471785,0,0.3356693795451594
21697,21.124676736187187,3.5013673017964444,0,0.09634471004096173
21725,21.85893087882084,13.839268487624382,0,0.031831228049088264
21798,16.66675921326563,2.6899883324569447,0,0.9942186157675118
21818,26.70986697935538,15.900653293262176,0,1.0678042159745188e-05
21838,19.065616769686603,4.629354595263617,1,0.7647342150804489
21858,25.448271636665893,17.22429717262418,0,8.686965751240285e-05
21878,22.20772307372466,6.064248792711787,0,0.017573954406525188
21898,22.669388764461047,12.896609137141708,0,0.008476068407504155
21918,19.582819174465484,24.03189783136041,1,0.5981398722804804
21958,21.567154209325466,21.94148363032287,0,0.052176852406126566
22019,21.341843267564638,22.65657692954683,0,0.07424303003090539
22039,22.186525654759226,6.339090063530212,0,0.01821023641886638
22059,24.88177081717052,10.564107591504259,0,0.00021639578144110933
22079,20.724320805000012,8.659322950003533,0,0.17441218252738586
22099,22.108195935387585,8.774131351984012,0,0.020877152836476072
22119,22.015393768766145,10.635745898075212,0,0.02443802851512387
22139,22.91510863851726,5.942738855964003,0,0.005504999617682286
22159,22.622148536986415,6.358582747933197,0,0.008930048086012546
22179,23.76059040808816,4.619113017450297,0,0.001354234188261229
22199,25.091549115516376,4.391682180534146,0,0.000149192208248632
22219,22.217801117458176,6.6430228608923185,0,0.017326508524831984
22262,21.10601254921614,8.240643135168966,0,0.1007450546282372
22282,25.592175074342627,8.331081377814522,0,6.608851522172052e-05
22302,18.712848338641763,17.57154523244321,1,0.8598852907343311
22322,28.0250258161803,8.927923885762626,0,1.1746190791858778e-06
22342,27.813040510281596,10.546502983314753,0,1.6797823968893019e-06
22362,24.27144426127624,9.103673915116103,0,0.0005914746358157947
22382,24.653748617005615,6.657280631312619,0,0.00031094753510159677
22402,25.056788049026967,6.017563653357842,0,0.00015905106156317457
22422,26.860145253733226,6.652236578618955,0,8.026886631270175e-06
22442,22.623539466583814,5.155664383030238,0,0.008868061979353827
22462,26.24668275695467,8.054761124178619,0,2.2311562249897916e-05
22482,22.993823743251607,8.203843798876562,0,0.004877796264840651
22502,22.785713280210405,5.573094893473665,0,0.006803061240517846
22522,26.430312422616197,8.577858287149594,0,1.649071737812271e-05
22542,26.12905685288249,6.848863971681123,0,2.69863575985342e-05
22562,24.489895108537983,13.317481636594126,0,0.00041874060007707355
22582,18.158311498776516,3.675994735718646,1,0.935771934018011
22602,23.94961510127836,13.845813518298556,0,0.001026831799903441
22622,22.996061142087182,12.805031818755829,0,0.004947975197657056
22642,23.039906726205555,12.505928190462514,0,0.004597360159501009
22665,23.68229505277388,7.984314583491785,0,0.0015620738934612444
22685,23.881456022479025,15.7857790958341,0,0.001158280569817168
22705,24.236988620431802,13.03765844064054,0,0.0006359558765402679
22725,24.774927414770247,10.828938199986975,0,0.00025857864981890873
22745,24.592049812058463,9.10445821895328,0,0.00034774200324653065
22765,24.495086791548403,17.74081824989187,0,0.0004224235216681077
22785,23.51105539001657,9.886855204669837,0,0.00208920972418049
22805,25.538017767414008,15.183107727225147,0,7.426600446126016e-05
22825,22.625695712117686,19.944193548737616,0,0.009359992940076856
22845,25.787557443106696,17.27965933306433,0,4.951600861926292e-05
22865,25.65550890916104,30.41989557476122,0,6.489296363536439e-05
22889,24.582224552798795,5.0566784806903105,0,0.00034787903229424334
22909,19.05693608105394,20.093813294007916,1,0.7779765003061414
22929,18.16803770002021,18.049209485920617,1,0.9381523639620376
22949,23.216699444362987,29.54071657431306,0,0.003670236100017622
22989,23.61207663710071,30.19695814736541,0,0.0019141127949991944
23009,31.754170510895523,7.766170593902766,0,2.418308183989743e-09
23029,30.908336592879326,4.123314912832229,0,9.686561066499251e-09
23049,28.564088731779304,11.449763786166027,0,4.854623077965006e-07
23069,26.56888459133994,3.601105649420099,0,1.285302280231878e-05
23089,28.19315146851242,6.299886450127574,0,8.798162703188811e-07
23109,25.821818965623887,4.501295725555395,0,4.449360691106016e-05
23129,25.534507529167673,19.579983357648665,0,7.599986906622815e-05
23149,29.022767321125365,12.197184750221153,0,2.2764212295274738e-07
23169,33.072465405469934,16.64604479773906,0,2.8163348656294676e-10
23189,29.730689418222113,7.995396151286539,0,6.926193598470106e-08
23209,25.7717088372287,7.305755689374145,0,4.888198660556994e-05
23229,20.684886690093087,13.985227033262984,0,0.1871854761410915
23269,22.802519633903326,8.537188054108807,0,0.0066943398780289366
23289,18.272361914196527,8.993787382186373,1,0.924893381820923
23309,23.79550144138383,5.839510117836073,0,0.0012843235327697207
23329,21.43566440836112,9.593771480525163,0,0.06122269319632974
23349,20.163956910603144,7.642571977356817,0,0.34754211811075275
23369,23.266856505289933,8.48211155031587,0,0.00311119488614012
23389,21.480645815497457,11.46442658332786,0,0.05747170721637743
23409,23.01432013424048,4.508811702598203,0,0.004648037641210038
23429,23.526600204738486,5.0006070472614494,0,0.0019975652402406925
23449,21.45521826642927,15.762429593757348,0,0.060753500630711145
23469,22.608619341390504,8.623318252846616,0,0.00921150846727394
23489,20.006916742276868,20.40166983193768,0,0.42080375603174097
23509,27.42894127212044,13.488594275054218,0,3.2118884960584104e-06
23529,26.004567093148463,13.313717465194056,0,3.402335545816034e-05
23549,13.75187968327212,17.199941718038353,1,0.9999561942939276
23569,12.98307818435824,15.13556384731757,1,0.9999876505837322
23589,13.53094545024118,14.125201631607762,1,0.9999692574083763
23609,25.665089828898708,13.154392346361746,0,5.968500882099626e-05
23629,26.472650950110683,6.253315931287981,0,1.5233495348144142e-05
23649,22.375653054631375,5.913411699754246,0,0.013353360692958652
23669,22.869588173698084,5.782971553540698,0,0.005930165931739153
23689,23.731681268538818,7.101744320087088,0,0.0014345043299926594
23709,15.443280985428043,17.47672089837233,1,0.9992783766396773
23729,22.814326998082084,21.04790798325923,0,0.006893694056330281
23749,28.91534013654169,3.3421756429321325,0,2.6271546309034566e-07
23769,27.18547087159106,14.646474675434598,0,4.83053057308068e-06
23789,26.879908865712192,11.859918308747277,0,7.928656135321474e-06
23809,29.633069243210137,3.3411909805972186,0,7.99522203423712e-08
23829,15.164494249439182,15.05795902383592,1,0.9995409441426484
23849,29.513722505221445,3.8585918630462004,0,9.763911029393418e-08
23869,26.38309583676931,9.790315725069284,0,1.7918216891932752e-05
23889,22.740515486541067,11.251543359974942,0,0.007492384439983311
23909,22.250946311206295,21.202153766678105,0,0.01736434425468933
23929,18.36982025725899,8.220193474811506,1,0.9126313221509824
23949,25.48329871886349,9.960462819639966,0,7.966586518155155e-05
23969,18.25735124429396,19.36834067260578,1,0.9293258645267651
23989,20.241987882013948,5.0790443270992975,0,0.31663886364652455
24009,20.706570228432085,8.899437220914626,0,0.17882773278809394
24029,24.334593535811944,7.3899391944556845,0,0.0005291558490303778
24049,31.770409383973234,3.099764694484909,0,2.311351072987021e-09
24069,22.060609239355042,4.95824307263122,0,0.022224006986524967
24089,21.493289865546945,3.1045658896409605,0,0.054627018830633464
24109,23.2025297751595,11.504424657127009,0,0.0035011894340608355
24129,20.552061890202605,3.6125067690509236,0,0.21602755245147515
24149,18.12480529756769,5.090678548851514,1,0.9393473561627502
24169,21.77385330140477,8.1097309607235,0,0.03569365972465048
24189,21.441617632664293,7.361495075349319,0,0.06016058546699215
24209,20.34434227299826,18.062695732373005,0,0.29153481543900384
24229,21.66629808878068,15.278260741380933,0,0.04352081674190384
24249,30.936581181188576,15.445136097586106,0,9.663661453837496e-09
24269,27.683220769282553,11.802751204543178,0,2.093364308961149e-06
24289,29.77925281391493,3.783179053881463,0,6.285714605414565e-08
24309,29.02076895822902,3.719424832404963,0,2.2092073850796984e-07
24329,21.26365409355908,10.217851424374896,0,0.07998855581019208
24349,28.481779538490464,3.409110191974661,0,5.391330382415546e-07
24369,22.590434724034875,21.91274378552896,0,0.009993930996128768
24389,23.266228308363203,22.38600754027871,0,0.0032885799143986317
24409,22.590164679251938,17.003172841821097,0,0.009809363623442424
24429,23.16443317555585,7.104386127099102,0,0.0036649307543424004
24449,25.669537341176195,5.6495193398884505,0,5.752661337416758e-05
24469,27.364835922020315,3.9902977753873103,0,3.4412131956983586e-06
24489,22.983783830849873,18.6797214654466,0,0.005166379860720763
24509,25.81041719708836,9.245948920353419,0,4.6194902275498055e-05
24529,29.051759073165744,4.330651694083457,0,2.1036358696981648e-07
24549,31.44451711451141,4.2668020480532025,0,3.985176430423175e-09
24569,19.100183415881276,17.256504266538364,1,0.7633422346265505
